{
  "id": 22,
  "objects": [
    {
      "type": "circle",
      "x": 0.75,
      "y": 0.16666667,
      "rScale": 1,
      "color": "A"
    },
    {
      "type": "circle",
      "x": 0.25,
      "y": 0.54166667,
      "rScale": 1,
      "color": "B"
    },
    {
      "type": "box",
      "x": 0.25,
      "y": 0.66666667,
      "w": 0.125,
      "h": 0.16666667,
      "static": true
    },
    {
      "type": "box",
      "x": 0.75,
      "y": 0.33333333,
      "w": 0.125,
      "h": 0.16666667,
      "static": true
    }
  ]
}
